{"RuleTriggered": 0, "Violations": 0, "Details": {"pin_memory": false, "num_workers": 0, "cores": 8, "dataloaders": 1, "dataloading_time": {"p25": 1.383086, "p50": 1.383086, "p95": 1.383086, "probs": [0, 0, 0, 0, 0, 0, 0, 0, 0, 0, 0, 0, 0, 0, 0, 0, 0, 0, 0, 0, 0, 0, 0, 0, 0, 0, 0, 0, 0, 0, 0, 0, 0, 0, 0, 0, 0, 0, 0, 0, 0, 0, 0, 0, 0, 0, 0, 0, 0, 0, 1, 0, 0, 0, 0, 0, 0, 0, 0, 0, 0, 0, 0, 0, 0, 0, 0, 0, 0, 0, 0, 0, 0, 0, 0, 0, 0, 0, 0, 0, 0, 0, 0, 0, 0, 0, 0, 0, 0, 0, 0, 0, 0, 0, 0, 0, 0, 0, 0, 0], "binedges": [0.883086, 0.893086, 0.903086, 0.9130860000000001, 0.9230860000000001, 0.9330860000000001, 0.9430860000000001, 0.9530860000000001, 0.963086, 0.973086, 0.983086, 0.993086, 1.0030860000000001, 1.013086, 1.0230860000000002, 1.033086, 1.043086, 1.053086, 1.063086, 1.073086, 1.083086, 1.093086, 1.103086, 1.113086, 1.123086, 1.133086, 1.143086, 1.153086, 1.163086, 1.173086, 1.183086, 1.193086, 1.203086, 1.213086, 1.2230860000000001, 1.2330860000000001, 1.243086, 1.2530860000000001, 1.263086, 1.2730860000000002, 1.283086, 1.2930860000000002, 1.303086, 1.313086, 1.323086, 1.333086, 1.343086, 1.353086, 1.363086, 1.373086, 1.383086, 1.393086, 1.403086, 1.413086, 1.423086, 1.433086, 1.443086, 1.453086, 1.463086, 1.473086, 1.4830860000000001, 1.493086, 1.5030860000000001, 1.513086, 1.5230860000000002, 1.533086, 1.5430860000000002, 1.553086, 1.5630860000000002, 1.573086, 1.5830860000000002, 1.593086, 1.603086, 1.613086, 1.623086, 1.633086, 1.643086, 1.653086, 1.663086, 1.673086, 1.683086, 1.693086, 1.703086, 1.713086, 1.723086, 1.7330860000000001, 1.743086, 1.7530860000000001, 1.763086, 1.7730860000000002, 1.783086, 1.7930860000000002, 1.803086, 1.8130860000000002, 1.823086, 1.8330860000000002, 1.843086, 1.853086, 1.863086, 1.873086, 1.883086]}}, "Datapoints": 1, "RuleParameters": "min_threshold:70\nmax_threshold:200"}