{"RuleTriggered": 0, "Violations": 0, "Details": {"step_num": {"first": 1695134549636294, "last": 1695136978172026}, "job_start": 1695134476.500781, "job_end": 1695136979.501447}, "Datapoints": 223, "RuleParameters": "threshold:20"}