{"RuleTriggered": 0, "Violations": 0, "Details": {"step_details": {"algo-1-27": {"step_stats": {"mean": 11.768287057291667, "max": 12.688891, "p99": 12.640324300000001, "p95": 12.502229499999999, "p50": 11.884501499999999, "min": 1.790021}, "number_of_outliers": 0, "phase": "Step:ModeKeys.TRAIN", "stddev": 1.28, "probs": [3, 0, 0, 0, 0, 0, 0, 0, 0, 0, 0, 0, 0, 0, 0, 0, 0, 0, 0, 0, 0, 0, 0, 0, 0, 0, 0, 0, 0, 0, 0, 0, 0, 0, 0, 0, 0, 0, 0, 0, 0, 0, 0, 0, 0, 0, 0, 0, 0, 0, 0, 0, 0, 0, 0, 0, 0, 0, 0, 0, 0, 0, 0, 0, 0, 0, 0, 0, 0, 0, 0, 0, 0, 0, 0, 0, 0, 0, 0, 0, 0, 0, 0, 0, 0, 0, 1, 0, 0, 1, 17, 46, 55, 34, 9, 8, 6, 0, 5, 7], "binedges": [1.790021, 1.8990097000000001, 2.0079984, 2.1169871000000002, 2.2259758, 2.3349645, 2.4439532, 2.5529419, 2.6619306000000003, 2.7709193, 2.8799080000000004, 2.9888967, 3.0978854, 3.2068741000000003, 3.3158628, 3.4248515, 3.5338402, 3.6428289000000005, 3.7518176000000003, 3.8608063, 3.9697950000000004, 4.078783700000001, 4.1877724, 4.2967611, 4.405749800000001, 4.5147385, 4.6237272, 4.7327159000000005, 4.8417046, 4.9506933, 5.0596820000000005, 5.168670700000001, 5.2776594, 5.3866481, 5.495636800000001, 5.6046255, 5.7136142, 5.822602900000001, 5.931591600000001, 6.0405803, 6.1495690000000005, 6.258557700000001, 6.367546400000001, 6.4765351, 6.585523800000001, 6.694512500000001, 6.8035012, 6.912489900000001, 7.021478600000001, 7.1304673, 7.239456000000001, 7.348444700000001, 7.457433400000001, 7.5664221000000005, 7.675410800000001, 7.784399500000001, 7.8933882, 8.0023769, 8.111365600000001, 8.2203543, 8.329343, 8.4383317, 8.5473204, 8.6563091, 8.7652978, 8.8742865, 8.9832752, 9.0922639, 9.2012526, 9.310241300000001, 9.41923, 9.5282187, 9.637207400000001, 9.7461961, 9.8551848, 9.9641735, 10.0731622, 10.1821509, 10.2911396, 10.4001283, 10.509117, 10.6181057, 10.7270944, 10.8360831, 10.945071800000001, 11.0540605, 11.1630492, 11.2720379, 11.3810266, 11.4900153, 11.599004, 11.7079927, 11.8169814, 11.9259701, 12.0349588, 12.1439475, 12.2529362, 12.3619249, 12.4709136, 12.5799023, 12.688891], "step_numbers": []}}}, "Datapoints": 223, "RuleParameters": "threshold:3\nmode:None\nn_outliers:10\nstddev:3"}